{"appName":"Fruit Merge","appIconPath":"favicon.png","splashPath":"favicon.png","packageName":"com.fruitmatch.app","versionName":"1.0.0","versionCode":1,"isFullscreen":false,"isHideTitleBar":true,"titleBarBackgroundColor":"#3F51B5","isAllowLongClick":false,"isShowLoadingUI":true,"isAllowZoom":false,"isPCMode":false,"isAllowAutoplay":false,"homePage":"index.html","withPHPEnv":false,"PHPPort":57249,"isAllowSwipeRefresh":false,"isAllowCamera":false,"isAllowMicrophone":false,"screenRotationMethod":1}